{"cameraMode":{"drawMode":0,"name":"Shaded","section":"Shading Mode"},"sceneLighting":true,"audioPlay":false,"sceneViewState":{"m_AlwaysRefresh":false,"showFog":true,"showSkybox":true,"showFlares":true,"showImageEffects":true,"showParticleSystems":true,"showVisualEffectGraphs":true,"m_FxEnabled":true},"in2DMode":false,"pivot":{"x":-4.767012596130371,"y":7.5407633781433109,"z":2.342616558074951},"rotation":{"x":0.03621550649404526,"y":0.3881964087486267,"z":-0.015261653810739518,"w":0.9207468628883362},"size":12.00777816772461,"orthographic":false}