{"cameraMode":{"drawMode":0,"name":"Shaded","section":"Shading Mode"},"sceneLighting":true,"audioPlay":false,"sceneViewState":{"m_AlwaysRefresh":false,"showFog":true,"showSkybox":true,"showFlares":true,"showImageEffects":true,"showParticleSystems":true,"showVisualEffectGraphs":true,"m_FxEnabled":true},"in2DMode":false,"pivot":{"x":-4.006231784820557,"y":8.30443286895752,"z":-13.516191482543946},"rotation":{"x":0.30726295709609988,"y":-0.005710860248655081,"z":0.0018523299368098379,"w":0.9516457319259644},"size":19.51422882080078,"orthographic":true}