{"cameraMode":{"drawMode":0,"name":"Shaded","section":"Shading Mode"},"sceneLighting":true,"audioPlay":false,"sceneViewState":{"m_AlwaysRefresh":false,"showFog":true,"showSkybox":true,"showFlares":true,"showImageEffects":true,"showParticleSystems":true,"showVisualEffectGraphs":true,"m_FxEnabled":true},"in2DMode":false,"pivot":{"x":6.608157634735107,"y":1.2922064065933228,"z":-8.274340629577637},"rotation":{"x":-0.2336234450340271,"y":0.010783549398183823,"z":-0.0026155489031225445,"w":-0.9723005890846252},"size":6.1581902503967289,"orthographic":true}