{"cameraMode":{"drawMode":0,"name":"Shaded","section":"Shading Mode"},"sceneLighting":true,"audioPlay":false,"sceneViewState":{"m_AlwaysRefresh":false,"showFog":true,"showSkybox":true,"showFlares":true,"showImageEffects":true,"showParticleSystems":true,"showVisualEffectGraphs":true,"m_FxEnabled":true},"in2DMode":false,"pivot":{"x":10.303947448730469,"y":8.586602210998536,"z":1.1067419052124024},"rotation":{"x":-0.006220086012035608,"y":0.7916097044944763,"z":0.008071566931903363,"w":0.6109552979469299},"size":16.56346321105957,"orthographic":false}